[
  {
    "inputs": [
      {
        "internalType": "string",
        "name": "name_",
        "type": "string"
      },
      {
        "internalType": "string",
        "name": "symbol_",
        "type": "string"
      },
      {
        "internalType": "uint256",
        "name": "_maxSupply",
        "type": "uint256"
      },
      {
        "internalType": "uint256",
        "name": "_mintPrice",
        "type": "uint256"
      },
      {
        "internalType": "string",
        "name": "_baseTokenURI",
        "type": "string"
      }
    ],
    "stateMutability": "nonpayable",
    "type": "constructor"
  },
  {
    "inputs": [],
    "name": "mintPrice",
    "outputs": [
      {
        "internalType": "uint256",
        "name": "",
        "type": "uint256"
      }
    ],
    "stateMutability": "view",
    "type": "function"
  },
  {
    "inputs": [],
    "name": "totalMinted",
    "outputs": [
      {
        "internalType": "uint256",
        "name": "",
        "type": "uint256"
      }
    ],
    "stateMutability": "view",
    "type": "function"
  },
  {
    "inputs": [
      {
        "internalType": "uint256",
        "name": "qty",
        "type": "uint256"
      },
      {
        "internalType": "address",
        "name": "recipient",
        "type": "address"
      },
      {
        "internalType": "string[]",
        "name": "tokenURIs",
        "type": "string[]"
      }
    ],
    "name": "mintPaid",
    "outputs": [],
    "stateMutability": "payable",
    "type": "function"
  },
  {
    "inputs": [
      {
        "internalType": "uint256",
        "name": "qty",
        "type": "uint256"
      },
      {
        "internalType": "address",
        "name": "recipient",
        "type": "address"
      },
      {
        "internalType": "string[]",
        "name": "tokenURIs",
        "type": "string[]"
      }
    ],
    "name": "mintFree",
    "outputs": [],
    "stateMutability": "nonpayable",
    "type": "function"
  }
]